,Заказ клиента,Дата заказа,Дилер,Пометка удаления
0,101822,01.11.2020,АВТОЛАЙТ-ВОСТОК ООО,Нет
1,101822,01.11.2020,АВТОЛАЙТ-ВОСТОК ООО,Нет
2,101823,01.11.2020,БОЛИВАР ООО,Нет
3,101753,01.11.2020,МОЛОТОК ООО,Нет
4,101753,01.11.2020,МОЛОТОК ООО,Нет
5,101828,01.11.2020,АВТОЛАЙТ-ВОСТОК ООО,Нет
6,101828,01.11.2020,АВТОЛАЙТ-ВОСТОК ООО,Нет
7,101828,01.11.2020,АВТОЛАЙТ-ВОСТОК ООО,Нет
8,101831,02.11.2020,АРСЕНАЛ -  Л.Т.Д. ООО ПКП,Нет
9,101831,02.11.2020,АРСЕНАЛ -  Л.Т.Д. ООО ПКП,Нет
10,101831,02.11.2020,АРСЕНАЛ -  Л.Т.Д. ООО ПКП,Нет
11,101831,02.11.2020,АРСЕНАЛ -  Л.Т.Д. ООО ПКП,Нет
12,101831,02.11.2020,АРСЕНАЛ -  Л.Т.Д. ООО ПКП,Нет
13,101831,02.11.2020,АРСЕНАЛ -  Л.Т.Д. ООО ПКП,Нет
14,101831,02.11.2020,АРСЕНАЛ -  Л.Т.Д. ООО ПКП,Нет
15,101831,02.11.2020,АРСЕНАЛ -  Л.Т.Д. ООО ПКП,Нет
16,101831,02.11.2020,АРСЕНАЛ -  Л.Т.Д. ООО ПКП,Нет
17,101831,02.11.2020,АРСЕНАЛ -  Л.Т.Д. ООО ПКП,Нет
18,101831,02.11.2020,АРСЕНАЛ -  Л.Т.Д. ООО ПКП,Нет
19,101831,02.11.2020,АРСЕНАЛ -  Л.Т.Д. ООО ПКП,Нет
20,101831,02.11.2020,АРСЕНАЛ -  Л.Т.Д. ООО ПКП,Нет
21,101832,02.11.2020,ТАГИЛ АВТО ООО,Нет
22,101832,02.11.2020,ТАГИЛ АВТО ООО,Нет
23,101832,02.11.2020,ТАГИЛ АВТО ООО,Нет
24,101824,02.11.2020,ДИНАМИКА ЧЕРЕПОВЕЦ ООО,Нет
25,101824,02.11.2020,ДИНАМИКА ЧЕРЕПОВЕЦ ООО,Нет
26,101824,02.11.2020,ДИНАМИКА ЧЕРЕПОВЕЦ ООО,Нет
27,101824,02.11.2020,ДИНАМИКА ЧЕРЕПОВЕЦ ООО,Нет
28,101824,02.11.2020,ДИНАМИКА ЧЕРЕПОВЕЦ ООО,Нет
29,101824,02.11.2020,ДИНАМИКА ЧЕРЕПОВЕЦ ООО,Нет
30,101824,02.11.2020,ДИНАМИКА ЧЕРЕПОВЕЦ ООО,Нет
31,101824,02.11.2020,ДИНАМИКА ЧЕРЕПОВЕЦ ООО,Нет
32,101824,02.11.2020,ДИНАМИКА ЧЕРЕПОВЕЦ ООО,Нет
33,101824,02.11.2020,ДИНАМИКА ЧЕРЕПОВЕЦ ООО,Нет
34,101824,02.11.2020,ДИНАМИКА ЧЕРЕПОВЕЦ ООО,Нет
35,101824,02.11.2020,ДИНАМИКА ЧЕРЕПОВЕЦ ООО,Нет
36,101824,02.11.2020,ДИНАМИКА ЧЕРЕПОВЕЦ ООО,Нет
37,101824,02.11.2020,ДИНАМИКА ЧЕРЕПОВЕЦ ООО,Нет
38,101824,02.11.2020,ДИНАМИКА ЧЕРЕПОВЕЦ ООО,Нет
39,101824,02.11.2020,ДИНАМИКА ЧЕРЕПОВЕЦ ООО,Нет
40,101824,02.11.2020,ДИНАМИКА ЧЕРЕПОВЕЦ ООО,Нет
41,101824,02.11.2020,ДИНАМИКА ЧЕРЕПОВЕЦ ООО,Нет
42,101824,02.11.2020,ДИНАМИКА ЧЕРЕПОВЕЦ ООО,Нет
43,101824,02.11.2020,ДИНАМИКА ЧЕРЕПОВЕЦ ООО,Нет
44,101824,02.11.2020,ДИНАМИКА ЧЕРЕПОВЕЦ ООО,Нет
45,101824,02.11.2020,ДИНАМИКА ЧЕРЕПОВЕЦ ООО,Нет
46,101824,02.11.2020,ДИНАМИКА ЧЕРЕПОВЕЦ ООО,Нет
47,101824,02.11.2020,ДИНАМИКА ЧЕРЕПОВЕЦ ООО,Нет
48,101839,02.11.2020,ТЕХЦЕНТР ГРАНД ПРЕМИУМ ООО,Нет
49,101839,02.11.2020,ТЕХЦЕНТР ГРАНД ПРЕМИУМ ООО,Нет
50,101839,02.11.2020,ТЕХЦЕНТР ГРАНД ПРЕМИУМ ООО,Нет
51,101839,02.11.2020,ТЕХЦЕНТР ГРАНД ПРЕМИУМ ООО,Нет
52,101839,02.11.2020,ТЕХЦЕНТР ГРАНД ПРЕМИУМ ООО,Нет
53,101839,02.11.2020,ТЕХЦЕНТР ГРАНД ПРЕМИУМ ООО,Нет
54,101839,02.11.2020,ТЕХЦЕНТР ГРАНД ПРЕМИУМ ООО,Нет
55,101839,02.11.2020,ТЕХЦЕНТР ГРАНД ПРЕМИУМ ООО,Нет
56,101839,02.11.2020,ТЕХЦЕНТР ГРАНД ПРЕМИУМ ООО,Нет
57,101839,02.11.2020,ТЕХЦЕНТР ГРАНД ПРЕМИУМ ООО,Нет
58,101839,02.11.2020,ТЕХЦЕНТР ГРАНД ПРЕМИУМ ООО,Нет
59,101839,02.11.2020,ТЕХЦЕНТР ГРАНД ПРЕМИУМ ООО,Нет
60,101839,02.11.2020,ТЕХЦЕНТР ГРАНД ПРЕМИУМ ООО,Нет
61,101839,02.11.2020,ТЕХЦЕНТР ГРАНД ПРЕМИУМ ООО,Нет
62,101839,02.11.2020,ТЕХЦЕНТР ГРАНД ПРЕМИУМ ООО,Нет
63,101839,02.11.2020,ТЕХЦЕНТР ГРАНД ПРЕМИУМ ООО,Нет
64,101839,02.11.2020,ТЕХЦЕНТР ГРАНД ПРЕМИУМ ООО,Нет
65,101839,02.11.2020,ТЕХЦЕНТР ГРАНД ПРЕМИУМ ООО,Нет
66,101839,02.11.2020,ТЕХЦЕНТР ГРАНД ПРЕМИУМ ООО,Нет
67,101839,02.11.2020,ТЕХЦЕНТР ГРАНД ПРЕМИУМ ООО,Нет
68,101839,02.11.2020,ТЕХЦЕНТР ГРАНД ПРЕМИУМ ООО,Нет
69,101839,02.11.2020,ТЕХЦЕНТР ГРАНД ПРЕМИУМ ООО,Нет
70,101839,02.11.2020,ТЕХЦЕНТР ГРАНД ПРЕМИУМ ООО,Нет
71,101839,02.11.2020,ТЕХЦЕНТР ГРАНД ПРЕМИУМ ООО,Нет
72,101841,02.11.2020,АВТОПАССАЖ ООО,Нет
73,101841,02.11.2020,АВТОПАССАЖ ООО,Нет
74,101841,02.11.2020,АВТОПАССАЖ ООО,Нет
75,101841,02.11.2020,АВТОПАССАЖ ООО,Нет
76,101841,02.11.2020,АВТОПАССАЖ ООО,Нет
77,101841,02.11.2020,АВТОПАССАЖ ООО,Нет
78,101841,02.11.2020,АВТОПАССАЖ ООО,Нет
79,101841,02.11.2020,АВТОПАССАЖ ООО,Нет
80,101841,02.11.2020,АВТОПАССАЖ ООО,Нет
81,101841,02.11.2020,АВТОПАССАЖ ООО,Нет
82,101841,02.11.2020,АВТОПАССАЖ ООО,Нет
83,101841,02.11.2020,АВТОПАССАЖ ООО,Нет
84,101841,02.11.2020,АВТОПАССАЖ ООО,Нет
85,101841,02.11.2020,АВТОПАССАЖ ООО,Нет
86,101841,02.11.2020,АВТОПАССАЖ ООО,Нет
87,101841,02.11.2020,АВТОПАССАЖ ООО,Нет
88,101841,02.11.2020,АВТОПАССАЖ ООО,Нет
89,101841,02.11.2020,АВТОПАССАЖ ООО,Нет
90,101841,02.11.2020,АВТОПАССАЖ ООО,Нет
91,101841,02.11.2020,АВТОПАССАЖ ООО,Нет
92,101841,02.11.2020,АВТОПАССАЖ ООО,Нет
93,101597,02.11.2020,СИБМОТОРС ООО,Да
94,101597,02.11.2020,СИБМОТОРС ООО,Да
95,101597,02.11.2020,СИБМОТОРС ООО,Да
96,101597,02.11.2020,СИБМОТОРС ООО,Да
97,101855,02.11.2020,АВТОЦЕНТР БАЙКАЛ ООО,Нет
98,101855,02.11.2020,АВТОЦЕНТР БАЙКАЛ ООО,Нет
99,101857,02.11.2020,АВТОТРЕЙД ООО (Курск),Нет
100,101857,02.11.2020,АВТОТРЕЙД ООО (Курск),Нет
101,101858,02.11.2020,ФАВОРИТ МОТОРС АВТОКВАРТАЛ ООО,Нет
102,101868,02.11.2020,АМКАПИТАЛ ООО Самара,Нет
103,101868,02.11.2020,АМКАПИТАЛ ООО Самара,Нет
104,101868,02.11.2020,АМКАПИТАЛ ООО Самара,Нет
105,101868,02.11.2020,АМКАПИТАЛ ООО Самара,Нет
106,101868,02.11.2020,АМКАПИТАЛ ООО Самара,Нет
107,101868,02.11.2020,АМКАПИТАЛ ООО Самара,Нет
108,101868,02.11.2020,АМКАПИТАЛ ООО Самара,Нет
109,101868,02.11.2020,АМКАПИТАЛ ООО Самара,Нет
110,101868,02.11.2020,АМКАПИТАЛ ООО Самара,Нет
111,101868,02.11.2020,АМКАПИТАЛ ООО Самара,Нет
112,101868,02.11.2020,АМКАПИТАЛ ООО Самара,Нет
113,101868,02.11.2020,АМКАПИТАЛ ООО Самара,Нет
114,101868,02.11.2020,АМКАПИТАЛ ООО Самара,Нет
115,101868,02.11.2020,АМКАПИТАЛ ООО Самара,Нет
116,101868,02.11.2020,АМКАПИТАЛ ООО Самара,Нет
117,101868,02.11.2020,АМКАПИТАЛ ООО Самара,Нет
118,101868,02.11.2020,АМКАПИТАЛ ООО Самара,Нет
119,101868,02.11.2020,АМКАПИТАЛ ООО Самара,Нет
120,101868,02.11.2020,АМКАПИТАЛ ООО Самара,Нет
121,101868,02.11.2020,АМКАПИТАЛ ООО Самара,Нет
122,101868,02.11.2020,АМКАПИТАЛ ООО Самара,Нет
123,101870,02.11.2020,К-МОТОРС ООО,Да
124,101870,02.11.2020,К-МОТОРС ООО,Да
125,101871,02.11.2020,ТРАКИЯ ООО,Нет
126,101871,02.11.2020,ТРАКИЯ ООО,Нет
127,101871,02.11.2020,ТРАКИЯ ООО,Нет
128,101871,02.11.2020,ТРАКИЯ ООО,Нет
129,101871,02.11.2020,ТРАКИЯ ООО,Нет
130,101871,02.11.2020,ТРАКИЯ ООО,Нет
131,101871,02.11.2020,ТРАКИЯ ООО,Нет
132,101871,02.11.2020,ТРАКИЯ ООО,Нет
133,101871,02.11.2020,ТРАКИЯ ООО,Нет
134,101871,02.11.2020,ТРАКИЯ ООО,Нет
135,101871,02.11.2020,ТРАКИЯ ООО,Нет
136,101871,02.11.2020,ТРАКИЯ ООО,Нет
137,101871,02.11.2020,ТРАКИЯ ООО,Нет
138,101871,02.11.2020,ТРАКИЯ ООО,Нет
139,101871,02.11.2020,ТРАКИЯ ООО,Нет
140,101871,02.11.2020,ТРАКИЯ ООО,Нет
141,101871,02.11.2020,ТРАКИЯ ООО,Нет
142,101871,02.11.2020,ТРАКИЯ ООО,Нет
143,101871,02.11.2020,ТРАКИЯ ООО,Нет
144,101871,02.11.2020,ТРАКИЯ ООО,Нет
145,101871,02.11.2020,ТРАКИЯ ООО,Нет
146,101871,02.11.2020,ТРАКИЯ ООО,Нет
147,101871,02.11.2020,ТРАКИЯ ООО,Нет
148,101871,02.11.2020,ТРАКИЯ ООО,Нет
149,101871,02.11.2020,ТРАКИЯ ООО,Нет
150,101871,02.11.2020,ТРАКИЯ ООО,Нет
151,101871,02.11.2020,ТРАКИЯ ООО,Нет
152,101871,02.11.2020,ТРАКИЯ ООО,Нет
153,101871,02.11.2020,ТРАКИЯ ООО,Нет
154,101871,02.11.2020,ТРАКИЯ ООО,Нет
155,101871,02.11.2020,ТРАКИЯ ООО,Нет
156,101871,02.11.2020,ТРАКИЯ ООО,Нет
157,101871,02.11.2020,ТРАКИЯ ООО,Нет
158,101871,02.11.2020,ТРАКИЯ ООО,Нет
159,101871,02.11.2020,ТРАКИЯ ООО,Нет
160,101871,02.11.2020,ТРАКИЯ ООО,Нет
161,101871,02.11.2020,ТРАКИЯ ООО,Нет
162,101871,02.11.2020,ТРАКИЯ ООО,Нет
163,101872,02.11.2020,ФЛАЙТ АВТО ООО,Нет
164,101872,02.11.2020,ФЛАЙТ АВТО ООО,Нет
165,101872,02.11.2020,ФЛАЙТ АВТО ООО,Нет
166,101872,02.11.2020,ФЛАЙТ АВТО ООО,Нет
167,101872,02.11.2020,ФЛАЙТ АВТО ООО,Нет
168,101872,02.11.2020,ФЛАЙТ АВТО ООО,Нет
169,101590,02.11.2020,АВТОСТИЛЬ ООО,Нет
170,101590,02.11.2020,АВТОСТИЛЬ ООО,Нет
171,101590,02.11.2020,АВТОСТИЛЬ ООО,Нет
172,101590,02.11.2020,АВТОСТИЛЬ ООО,Нет
173,101590,02.11.2020,АВТОСТИЛЬ ООО,Нет
174,101590,02.11.2020,АВТОСТИЛЬ ООО,Нет
175,101590,02.11.2020,АВТОСТИЛЬ ООО,Нет
176,101590,02.11.2020,АВТОСТИЛЬ ООО,Нет
177,101590,02.11.2020,АВТОСТИЛЬ ООО,Нет
178,101590,02.11.2020,АВТОСТИЛЬ ООО,Нет
179,101590,02.11.2020,АВТОСТИЛЬ ООО,Нет
180,101590,02.11.2020,АВТОСТИЛЬ ООО,Нет
181,101877,03.11.2020,ТАГИЛ АВТО ООО,Нет
182,101876,03.11.2020,МОЛОТОК ООО,Да
183,101788,03.11.2020,АВТОЦЕНТР НА ГАГАРИНА ООО,Нет
184,101788,03.11.2020,АВТОЦЕНТР НА ГАГАРИНА ООО,Нет
185,101788,03.11.2020,АВТОЦЕНТР НА ГАГАРИНА ООО,Нет
186,101788,03.11.2020,АВТОЦЕНТР НА ГАГАРИНА ООО,Нет
187,101788,03.11.2020,АВТОЦЕНТР НА ГАГАРИНА ООО,Нет
188,101788,03.11.2020,АВТОЦЕНТР НА ГАГАРИНА ООО,Нет
189,101788,03.11.2020,АВТОЦЕНТР НА ГАГАРИНА ООО,Нет
190,101788,03.11.2020,АВТОЦЕНТР НА ГАГАРИНА ООО,Нет
191,101881,03.11.2020,ТРАКИЯ ООО,Нет
192,101883,03.11.2020,АВТОЛАЙТ-ВОСТОК ООО,Нет
193,101888,03.11.2020,ЛЕ-МАН ООО,Нет
194,101888,03.11.2020,ЛЕ-МАН ООО,Нет
195,101888,03.11.2020,ЛЕ-МАН ООО,Нет
196,101888,03.11.2020,ЛЕ-МАН ООО,Нет
197,101888,03.11.2020,ЛЕ-МАН ООО,Нет
198,101888,03.11.2020,ЛЕ-МАН ООО,Нет
199,101888,03.11.2020,ЛЕ-МАН ООО,Нет
200,101888,03.11.2020,ЛЕ-МАН ООО,Нет
201,101888,03.11.2020,ЛЕ-МАН ООО,Нет
202,101893,03.11.2020,ЛЕ-МАН ООО,Нет
203,101893,03.11.2020,ЛЕ-МАН ООО,Нет
204,101893,03.11.2020,ЛЕ-МАН ООО,Нет
205,101893,03.11.2020,ЛЕ-МАН ООО,Нет
206,101893,03.11.2020,ЛЕ-МАН ООО,Нет
207,101893,03.11.2020,ЛЕ-МАН ООО,Нет
208,101893,03.11.2020,ЛЕ-МАН ООО,Нет
209,101893,03.11.2020,ЛЕ-МАН ООО,Нет
210,101893,03.11.2020,ЛЕ-МАН ООО,Нет
211,101895,03.11.2020,АВТОПАССАЖ ООО,Нет
212,101895,03.11.2020,АВТОПАССАЖ ООО,Нет
213,101895,03.11.2020,АВТОПАССАЖ ООО,Нет
214,101895,03.11.2020,АВТОПАССАЖ ООО,Нет
215,101895,03.11.2020,АВТОПАССАЖ ООО,Нет
216,101895,03.11.2020,АВТОПАССАЖ ООО,Нет
217,101895,03.11.2020,АВТОПАССАЖ ООО,Нет
218,101895,03.11.2020,АВТОПАССАЖ ООО,Нет
219,101895,03.11.2020,АВТОПАССАЖ ООО,Нет
220,101895,03.11.2020,АВТОПАССАЖ ООО,Нет
221,101895,03.11.2020,АВТОПАССАЖ ООО,Нет
222,101895,03.11.2020,АВТОПАССАЖ ООО,Нет
223,101895,03.11.2020,АВТОПАССАЖ ООО,Нет
224,101895,03.11.2020,АВТОПАССАЖ ООО,Нет
225,101895,03.11.2020,АВТОПАССАЖ ООО,Нет
226,101895,03.11.2020,АВТОПАССАЖ ООО,Нет
227,101895,03.11.2020,АВТОПАССАЖ ООО,Нет
228,101895,03.11.2020,АВТОПАССАЖ ООО,Нет
229,101895,03.11.2020,АВТОПАССАЖ ООО,Нет
230,101895,03.11.2020,АВТОПАССАЖ ООО,Нет
231,101899,03.11.2020,ТРАКИЯ ООО,Нет
232,101900,03.11.2020,ТРАКИЯ ООО,Нет
233,101869,03.11.2020,АВТОПРЕМЬЕР-Н ООО,Нет
234,101903,03.11.2020,БИЗНЕС ЛИГА ООО,Нет
235,101903,03.11.2020,БИЗНЕС ЛИГА ООО,Нет
236,101903,03.11.2020,БИЗНЕС ЛИГА ООО,Нет
237,101903,03.11.2020,БИЗНЕС ЛИГА ООО,Нет
238,101903,03.11.2020,БИЗНЕС ЛИГА ООО,Нет
239,101903,03.11.2020,БИЗНЕС ЛИГА ООО,Нет
240,101903,03.11.2020,БИЗНЕС ЛИГА ООО,Нет
241,101903,03.11.2020,БИЗНЕС ЛИГА ООО,Нет
242,101903,03.11.2020,БИЗНЕС ЛИГА ООО,Нет
243,101903,03.11.2020,БИЗНЕС ЛИГА ООО,Нет
244,101903,03.11.2020,БИЗНЕС ЛИГА ООО,Нет
245,101903,03.11.2020,БИЗНЕС ЛИГА ООО,Нет
246,101903,03.11.2020,БИЗНЕС ЛИГА ООО,Нет
247,101903,03.11.2020,БИЗНЕС ЛИГА ООО,Нет
248,101903,03.11.2020,БИЗНЕС ЛИГА ООО,Нет
249,101903,03.11.2020,БИЗНЕС ЛИГА ООО,Нет
250,101903,03.11.2020,БИЗНЕС ЛИГА ООО,Нет
251,101903,03.11.2020,БИЗНЕС ЛИГА ООО,Нет
252,101907,03.11.2020,ПРЕМЬЕРА ООО,Да
253,101907,03.11.2020,ПРЕМЬЕРА ООО,Да
254,101907,03.11.2020,ПРЕМЬЕРА ООО,Да
255,101909,03.11.2020,ФЛАЙТ АВТО ООО,Нет
256,101815,03.11.2020,АВТОМАГ-СУРГУТ ООО,Нет
257,101815,03.11.2020,АВТОМАГ-СУРГУТ ООО,Нет
258,101815,03.11.2020,АВТОМАГ-СУРГУТ ООО,Нет
259,101815,03.11.2020,АВТОМАГ-СУРГУТ ООО,Нет
260,101815,03.11.2020,АВТОМАГ-СУРГУТ ООО,Нет
261,101815,03.11.2020,АВТОМАГ-СУРГУТ ООО,Нет
262,101917,03.11.2020,К-МОТОРС ООО,Нет
263,101917,03.11.2020,К-МОТОРС ООО,Нет
264,101917,03.11.2020,К-МОТОРС ООО,Нет
265,101917,03.11.2020,К-МОТОРС ООО,Нет
266,101917,03.11.2020,К-МОТОРС ООО,Нет
267,101917,03.11.2020,К-МОТОРС ООО,Нет
268,101917,03.11.2020,К-МОТОРС ООО,Нет
269,101917,03.11.2020,К-МОТОРС ООО,Нет
270,101917,03.11.2020,К-МОТОРС ООО,Нет
271,101917,03.11.2020,К-МОТОРС ООО,Нет
272,101917,03.11.2020,К-МОТОРС ООО,Нет
273,101922,03.11.2020,АВТОЛАЙТ-ВОСТОК ООО,Нет
274,101929,03.11.2020,КАЛИНА-АВТО ООО,Нет
275,101731,03.11.2020,ДИАЛОГ А ООО,Нет
276,101731,03.11.2020,ДИАЛОГ А ООО,Нет
277,101731,03.11.2020,ДИАЛОГ А ООО,Нет
278,101731,03.11.2020,ДИАЛОГ А ООО,Нет
279,101731,03.11.2020,ДИАЛОГ А ООО,Нет
280,101731,03.11.2020,ДИАЛОГ А ООО,Нет
281,101731,03.11.2020,ДИАЛОГ А ООО,Нет
282,101931,03.11.2020,К-МОТОРС ООО,Да
283,101798,04.11.2020,СИБТРАНСАВТО-НОВОСИБИРСК ООО,Нет
284,101798,04.11.2020,СИБТРАНСАВТО-НОВОСИБИРСК ООО,Нет
285,101798,04.11.2020,СИБТРАНСАВТО-НОВОСИБИРСК ООО,Нет
286,101798,04.11.2020,СИБТРАНСАВТО-НОВОСИБИРСК ООО,Нет
287,101798,04.11.2020,СИБТРАНСАВТО-НОВОСИБИРСК ООО,Нет
288,101798,04.11.2020,СИБТРАНСАВТО-НОВОСИБИРСК ООО,Нет
289,101798,04.11.2020,СИБТРАНСАВТО-НОВОСИБИРСК ООО,Нет
290,101798,04.11.2020,СИБТРАНСАВТО-НОВОСИБИРСК ООО,Нет
291,101798,04.11.2020,СИБТРАНСАВТО-НОВОСИБИРСК ООО,Нет
292,101798,04.11.2020,СИБТРАНСАВТО-НОВОСИБИРСК ООО,Нет
293,101798,04.11.2020,СИБТРАНСАВТО-НОВОСИБИРСК ООО,Нет
294,101798,04.11.2020,СИБТРАНСАВТО-НОВОСИБИРСК ООО,Нет
295,101798,04.11.2020,СИБТРАНСАВТО-НОВОСИБИРСК ООО,Нет
296,101798,04.11.2020,СИБТРАНСАВТО-НОВОСИБИРСК ООО,Нет
297,101798,04.11.2020,СИБТРАНСАВТО-НОВОСИБИРСК ООО,Нет
298,101798,04.11.2020,СИБТРАНСАВТО-НОВОСИБИРСК ООО,Нет
299,101798,04.11.2020,СИБТРАНСАВТО-НОВОСИБИРСК ООО,Нет
300,101798,04.11.2020,СИБТРАНСАВТО-НОВОСИБИРСК ООО,Нет
301,101798,04.11.2020,СИБТРАНСАВТО-НОВОСИБИРСК ООО,Нет
302,101798,04.11.2020,СИБТРАНСАВТО-НОВОСИБИРСК ООО,Нет
303,101798,04.11.2020,СИБТРАНСАВТО-НОВОСИБИРСК ООО,Нет
304,101798,04.11.2020,СИБТРАНСАВТО-НОВОСИБИРСК ООО,Нет
305,101938,04.11.2020,АВТО ПРЕМИУМ-Ф ООО,Да
306,101938,04.11.2020,АВТО ПРЕМИУМ-Ф ООО,Да
307,101913,04.11.2020,МОЛОТОК ООО,Да
308,101913,04.11.2020,МОЛОТОК ООО,Да
309,101913,04.11.2020,МОЛОТОК ООО,Да
310,101913,04.11.2020,МОЛОТОК ООО,Да
311,101913,04.11.2020,МОЛОТОК ООО,Да
312,101944,04.11.2020,ГЛОБУС-МОТОРС ООО,Нет
313,101951,04.11.2020,ГЛОБУС-МОТОРС ООО,Нет
314,101987,05.11.2020,АВТОЛАЙТ-ВОСТОК ООО,Нет
315,101987,05.11.2020,АВТОЛАЙТ-ВОСТОК ООО,Нет
316,101987,05.11.2020,АВТОЛАЙТ-ВОСТОК ООО,Нет
317,101987,05.11.2020,АВТОЛАЙТ-ВОСТОК ООО,Нет
318,101987,05.11.2020,АВТОЛАЙТ-ВОСТОК ООО,Нет
319,101987,05.11.2020,АВТОЛАЙТ-ВОСТОК ООО,Нет
320,101987,05.11.2020,АВТОЛАЙТ-ВОСТОК ООО,Нет
321,101987,05.11.2020,АВТОЛАЙТ-ВОСТОК ООО,Нет
322,101737,05.11.2020,ГЛОБАЛ СИСТЕМЗ ООО,Нет
323,101737,05.11.2020,ГЛОБАЛ СИСТЕМЗ ООО,Нет
324,101737,05.11.2020,ГЛОБАЛ СИСТЕМЗ ООО,Нет
325,101737,05.11.2020,ГЛОБАЛ СИСТЕМЗ ООО,Нет
326,101737,05.11.2020,ГЛОБАЛ СИСТЕМЗ ООО,Нет
327,101737,05.11.2020,ГЛОБАЛ СИСТЕМЗ ООО,Нет
328,101737,05.11.2020,ГЛОБАЛ СИСТЕМЗ ООО,Нет
329,101737,05.11.2020,ГЛОБАЛ СИСТЕМЗ ООО,Нет
330,101737,05.11.2020,ГЛОБАЛ СИСТЕМЗ ООО,Нет
331,101737,05.11.2020,ГЛОБАЛ СИСТЕМЗ ООО,Нет
332,101737,05.11.2020,ГЛОБАЛ СИСТЕМЗ ООО,Нет
333,101737,05.11.2020,ГЛОБАЛ СИСТЕМЗ ООО,Нет
334,101737,05.11.2020,ГЛОБАЛ СИСТЕМЗ ООО,Нет
335,101737,05.11.2020,ГЛОБАЛ СИСТЕМЗ ООО,Нет
336,101737,05.11.2020,ГЛОБАЛ СИСТЕМЗ ООО,Нет
337,101737,05.11.2020,ГЛОБАЛ СИСТЕМЗ ООО,Нет
338,101737,05.11.2020,ГЛОБАЛ СИСТЕМЗ ООО,Нет
339,101737,05.11.2020,ГЛОБАЛ СИСТЕМЗ ООО,Нет
340,101737,05.11.2020,ГЛОБАЛ СИСТЕМЗ ООО,Нет
341,101737,05.11.2020,ГЛОБАЛ СИСТЕМЗ ООО,Нет
342,101970,05.11.2020,АВТОЛАЙТ-ВОСТОК ООО,Нет
343,101970,05.11.2020,АВТОЛАЙТ-ВОСТОК ООО,Нет
344,101971,05.11.2020,ТЕХЦЕНТР ГРАНД ПРЕМИУМ ООО,Нет
345,101971,05.11.2020,ТЕХЦЕНТР ГРАНД ПРЕМИУМ ООО,Нет
346,101972,05.11.2020,ПЕКИН КАР АВТО ООО,Нет
347,101924,05.11.2020,АТС АО,Нет
348,101924,05.11.2020,АТС АО,Нет
349,101924,05.11.2020,АТС АО,Нет
350,101924,05.11.2020,АТС АО,Нет
351,101924,05.11.2020,АТС АО,Нет
352,101924,05.11.2020,АТС АО,Нет
353,101924,05.11.2020,АТС АО,Нет
354,101982,05.11.2020,РИНГ ТАЙМ БЕЛГОРОД ООО,Нет
355,101982,05.11.2020,РИНГ ТАЙМ БЕЛГОРОД ООО,Нет
356,101982,05.11.2020,РИНГ ТАЙМ БЕЛГОРОД ООО,Нет
357,101982,05.11.2020,РИНГ ТАЙМ БЕЛГОРОД ООО,Нет
358,101982,05.11.2020,РИНГ ТАЙМ БЕЛГОРОД ООО,Нет
359,101982,05.11.2020,РИНГ ТАЙМ БЕЛГОРОД ООО,Нет
360,101982,05.11.2020,РИНГ ТАЙМ БЕЛГОРОД ООО,Нет
361,101982,05.11.2020,РИНГ ТАЙМ БЕЛГОРОД ООО,Нет
362,101982,05.11.2020,РИНГ ТАЙМ БЕЛГОРОД ООО,Нет
363,101982,05.11.2020,РИНГ ТАЙМ БЕЛГОРОД ООО,Нет
364,101982,05.11.2020,РИНГ ТАЙМ БЕЛГОРОД ООО,Нет
365,101982,05.11.2020,РИНГ ТАЙМ БЕЛГОРОД ООО,Нет
366,101982,05.11.2020,РИНГ ТАЙМ БЕЛГОРОД ООО,Нет
367,101982,05.11.2020,РИНГ ТАЙМ БЕЛГОРОД ООО,Нет
368,101979,05.11.2020,ФЛАЙТ АВТО ООО,Нет
369,101994,05.11.2020,ДИАЛОГ АВТО ООО,Нет
370,101994,05.11.2020,ДИАЛОГ АВТО ООО,Нет
371,101994,05.11.2020,ДИАЛОГ АВТО ООО,Нет
372,101994,05.11.2020,ДИАЛОГ АВТО ООО,Нет
373,101994,05.11.2020,ДИАЛОГ АВТО ООО,Нет
374,101994,05.11.2020,ДИАЛОГ АВТО ООО,Нет
375,101994,05.11.2020,ДИАЛОГ АВТО ООО,Нет
376,101994,05.11.2020,ДИАЛОГ АВТО ООО,Нет
377,101992,05.11.2020,КАР АЦ ООО,Нет
378,101992,05.11.2020,КАР АЦ ООО,Нет
379,101992,05.11.2020,КАР АЦ ООО,Нет
380,101992,05.11.2020,КАР АЦ ООО,Нет
381,101992,05.11.2020,КАР АЦ ООО,Нет
382,101992,05.11.2020,КАР АЦ ООО,Нет
383,101992,05.11.2020,КАР АЦ ООО,Нет
384,101992,05.11.2020,КАР АЦ ООО,Нет
385,101992,05.11.2020,КАР АЦ ООО,Нет
386,101992,05.11.2020,КАР АЦ ООО,Нет
387,101992,05.11.2020,КАР АЦ ООО,Нет
388,101992,05.11.2020,КАР АЦ ООО,Нет
389,101997,05.11.2020,АВТОРУСЬ Н ООО,Да
390,101980,05.11.2020,ЮГ-АВТО ДЦ ООО ,Нет
391,101980,05.11.2020,ЮГ-АВТО ДЦ ООО ,Нет
392,101980,05.11.2020,ЮГ-АВТО ДЦ ООО ,Нет
393,101980,05.11.2020,ЮГ-АВТО ДЦ ООО ,Нет
394,101980,05.11.2020,ЮГ-АВТО ДЦ ООО ,Нет
395,101980,05.11.2020,ЮГ-АВТО ДЦ ООО ,Нет
396,101980,05.11.2020,ЮГ-АВТО ДЦ ООО ,Нет
397,101980,05.11.2020,ЮГ-АВТО ДЦ ООО ,Нет
398,101980,05.11.2020,ЮГ-АВТО ДЦ ООО ,Нет
399,101980,05.11.2020,ЮГ-АВТО ДЦ ООО ,Нет
400,101980,05.11.2020,ЮГ-АВТО ДЦ ООО ,Нет
401,101980,05.11.2020,ЮГ-АВТО ДЦ ООО ,Нет
402,101980,05.11.2020,ЮГ-АВТО ДЦ ООО ,Нет
403,101980,05.11.2020,ЮГ-АВТО ДЦ ООО ,Нет
404,101980,05.11.2020,ЮГ-АВТО ДЦ ООО ,Нет
405,101975,05.11.2020,АВТОЛИГА ООО,Нет
406,101975,05.11.2020,АВТОЛИГА ООО,Нет
407,101975,05.11.2020,АВТОЛИГА ООО,Нет
408,101580,05.11.2020,ФРЕШ МБ ООО (Ростов),Нет
409,101580,05.11.2020,ФРЕШ МБ ООО (Ростов),Нет
410,101580,05.11.2020,ФРЕШ МБ ООО (Ростов),Нет
411,101580,05.11.2020,ФРЕШ МБ ООО (Ростов),Нет
412,101580,05.11.2020,ФРЕШ МБ ООО (Ростов),Нет
413,101580,05.11.2020,ФРЕШ МБ ООО (Ростов),Нет
414,101580,05.11.2020,ФРЕШ МБ ООО (Ростов),Нет
415,101580,05.11.2020,ФРЕШ МБ ООО (Ростов),Нет
416,101580,05.11.2020,ФРЕШ МБ ООО (Ростов),Нет
417,101580,05.11.2020,ФРЕШ МБ ООО (Ростов),Нет
418,101580,05.11.2020,ФРЕШ МБ ООО (Ростов),Нет
419,101580,05.11.2020,ФРЕШ МБ ООО (Ростов),Нет
420,101580,05.11.2020,ФРЕШ МБ ООО (Ростов),Нет
421,101580,05.11.2020,ФРЕШ МБ ООО (Ростов),Нет
422,101580,05.11.2020,ФРЕШ МБ ООО (Ростов),Нет
423,101580,05.11.2020,ФРЕШ МБ ООО (Ростов),Нет
424,101928,05.11.2020,ФРЕШ МБ ООО (Ростов),Нет
425,101928,05.11.2020,ФРЕШ МБ ООО (Ростов),Нет
426,101928,05.11.2020,ФРЕШ МБ ООО (Ростов),Нет
427,101928,05.11.2020,ФРЕШ МБ ООО (Ростов),Нет
